{"arcs":{"aa":{"key":"aa","position":{"x":877.2567189711239,"y":469.4219815153192},"radius":350,"startAngle":0,"endAngle":6.283185307179586,"antiClockwise":false,"color":"red"}}}